Date,Costs Affiliate,Costs Paid Search,Costs Radio,Costs TV,Costs OOH,Clicks Facebook,Costs Display
01/01/2018,1009.75,13133.84,3471.32,26390.14,15570.27,443,1817.46
02/01/2018,2235.75,17604.02,4283.68,6771.48,2921.52,649,2015.36
03/01/2018,1550,16155.08,3634.9,10462.02,2921.52,1467,1931.97
04/01/2018,1896.75,16854.05,3959.04,4001,2921.52,2630,2006.71
05/01/2018,1828.25,14367.85,3494.74,5043.49,2921.52,2358,1990.68
06/01/2018,1472,11929.47,2470.57,10008.22,2921.52,1966,1880.41
07/01/2018,1475.25,13392.03,1421.75,10132.09,2921.52,1890,1914.56
08/01/2018,2052,15911.01,0,583.18,2921.52,770,2096.41
09/01/2018,2288.5,15054.64,0,0,0,488,1957.03
10/01/2018,2417.25,17906.64,0,5920.24,0,1142,1255.2
11/01/2018,2192.5,16595.45,0,7693.52,0,4332,1582.29
12/01/2018,1700.75,13531.61,0,3743.63,0,4470,1608.08
13/01/2018,1296.25,13328.72,0,7492.27,0,4058,1481.65
14/01/2018,2008.75,14940.88,0,6812.55,0,4206,1554.83
15/01/2018,2598.25,17852.4,3785.22,7540.85,0,3714,1679.96
16/01/2018,2704,16255.36,3702.33,7639.09,12626.8,4960,1793.05
17/01/2018,1835,17952.16,3477.12,5925.62,12626.8,5927,1811.4
18/01/2018,2301.4,16555,3736.79,5734.11,12626.8,7078,1752.07
19/01/2018,1907.2,14777.94,3795.78,9421.69,12626.8,6366,1907.43
20/01/2018,1197.05,14294.13,2409.29,6707.82,12626.8,6700,1905.81
21/01/2018,1296.3,16150.73,1673.02,3499.69,12626.8,6567,1955.98
22/01/2018,2395.88,18334.01,3937.73,9262.51,12626.8,4126,1529.23
23/01/2018,2523.48,16327.75,4178.94,6895.12,8615.49,5828,1430.48
24/01/2018,2232.38,18210.68,4230.2,4809.9,8615.49,6073,1475.94
25/01/2018,2364,16995.75,3332.5,4745.37,8615.49,4437,1651.75
26/01/2018,1564,12937.99,3762.94,5754.33,8615.49,1806,1867.7
27/01/2018,1481,12664.21,2093.97,8266.81,8615.49,1913,1951.21
28/01/2018,1894.13,14982.1,1629.72,6766.28,8615.49,1919,2021.28
29/01/2018,2523,15717.4,0,497.56,8615.49,1514,2222.17
30/01/2018,3183.25,13742.89,0,0,0,1191,2151.12
31/01/2018,2151.13,15814.62,0,0,0,1061,2752.67
01/02/2018,1778,14971.2,0,9061.04,0,524,1728.56
02/02/2018,1462.75,12268.95,0,3392.06,0,582,2163.26
03/02/2018,1581.25,11849.03,0,8923.59,0,556,2167.24
04/02/2018,1509.75,13715.97,0,9357.48,0,822,2341.09
05/02/2018,2078,16121.8,3798.27,8811.04,0,756,2318.59
06/02/2018,2006.25,14409.4,3885.13,5592.78,14309.06,869,2570.23
07/02/2018,1930.75,15010.64,3848.56,5796.73,14309.06,4461,2703.45
08/02/2018,1965,14583.11,3923.89,2569.08,14309.06,6150,2871.57
09/02/2018,5328.25,11715.02,3817.53,4127.18,14309.06,5072,2955.77
10/02/2018,1491,11437.53,2064.14,9265.01,14309.06,4818,2839.8
11/02/2018,1770.5,12617.98,1359.35,7486.52,14309.06,5144,2983.23
12/02/2018,2265,14594.61,4022.95,8231.41,14309.06,4710,2938.4
13/02/2018,1856.25,12890.88,4362.27,4529.3,3095.36,1788,2960.32
14/02/2018,1585.5,14165.14,3695.52,6831.47,3095.36,1634,2963.7
15/02/2018,1635,14994.02,4392.34,7185.9,3095.36,5462,2903.62
16/02/2018,1704.5,12347.11,3748.32,5928.63,3095.36,6820,2866.17
17/02/2018,1150.75,11885.08,2144.12,10608.98,3095.36,7932,2696.27
18/02/2018,1600.5,13699.33,1432.83,569.38,3095.36,8140,2877.27
19/02/2018,3814.25,16677.48,0,0,3095.36,5333,2959.36
20/02/2018,1874.5,13527.11,0,0,0,7517,2454.23
21/02/2018,1714.75,14159.56,0,0,0,3575,950.29
22/02/2018,1583.25,10420.1,0,0,0,2641,2064.07
23/02/2018,1741,9581.15,0,0,0,3033,2037.94
24/02/2018,1330.25,8905.84,0,0,0,3477,2118.23
25/02/2018,1703.25,13600.82,0,0,0,1670,2268.67
26/02/2018,2474.25,20337.33,0,0,0,2419,2368.72
27/02/2018,2054,12310.55,0,0,0,3551,3038.39
28/02/2018,1630.75,12406.08,0,0,0,91,2687.21
01/03/2018,2132.75,11305.37,0,0,0,469,1597.58
02/03/2018,1359.25,9142.19,0,0,0,502,1823.29
03/03/2018,1567,9210.94,0,0,0,584,1736.54
04/03/2018,1584.25,9803.38,0,0,0,675,1830.05
05/03/2018,2162,12029.15,0,0,0,599,1844.42
06/03/2018,1997.75,9743.18,0,0,0,565,1828.36
07/03/2018,2013.5,10394.94,0,0,0,578,1892.49
08/03/2018,1746.25,10221.21,0,11661.45,0,541,1982.2
09/03/2018,1374.25,7698.75,0,12108.72,0,525,1964.7
10/03/2018,968.5,7222.36,0,8825.09,0,517,1856.56
11/03/2018,1677.5,8546.71,0,5487.27,0,430,1954.86
12/03/2018,1894.5,10071.03,0,11778.72,0,415,2042.77
13/03/2018,1685.25,9465.88,0,9944.72,7680.98,422,1908.85
14/03/2018,1891.25,9653.34,0,6545.96,7680.98,458,1895.04
15/03/2018,1637.75,10186.26,3929.21,6731.77,7680.98,416,1912.04
16/03/2018,1284.5,9444.62,3700.59,10122.15,7680.98,546,2541.73
17/03/2018,1095,9071.45,2024.91,11971.81,7680.98,655,2462.1
18/03/2018,1264.5,10560.11,1411.26,8361.46,7680.98,744,2483.99
19/03/2018,1911.25,13015.42,3724.69,5046.98,7680.98,677,2598.01
20/03/2018,1796,12258.99,3781.24,7325.64,7707.28,622,2708.13
21/03/2018,1481.25,12370.41,3366.76,5188.16,7707.28,624,2900.86
22/03/2018,1997,12470.2,3674.76,85.66,7707.28,604,3156.03
23/03/2018,1340.25,10414.83,3464.43,0,7707.28,555,3010.07
24/03/2018,1060.25,9186.72,1907.67,0,7707.28,547,2986.66
25/03/2018,1647.25,10160.89,1265.69,0,7707.28,539,3041.85
26/03/2018,1740,13980.17,4697.66,0,7707.28,586,2794.49
27/03/2018,1296.25,13915.21,4181.2,0,0,655,2313.06
28/03/2018,1329.75,16006.52,4649.94,0,0,919,2350.71
29/03/2018,1259.25,13742.4,0,0,0,512,2606.8
30/03/2018,987.25,11392.48,0,0,0,70,2634.7
31/03/2018,508.5,9482.14,0,0,0,13,2583.33
01/04/2018,896.25,12030.73,0,0,0,451,2369.89
02/04/2018,1197.5,15205.72,0,0,0,466,2392.46
03/04/2018,1320.75,14022.29,0,0,0,1981,2682.71
04/04/2018,1589.75,15671.83,0,0,0,3712,2801.81
05/04/2018,921,12155.32,0,0,0,3198,2840.47
06/04/2018,1718.25,7434.47,0,0,0,2956,2929.4
07/04/2018,521,7242.16,0,0,0,4117,2794.72
08/04/2018,640,8451.54,0,0,0,4577,3001.97
09/04/2018,2219,11135.41,0,0,0,4675,3163.2
10/04/2018,1164.25,8175.09,0,0,0,4281,2571.67
11/04/2018,1234,9874.96,0,0,0,2937,2875.47
12/04/2018,1211.5,9572.65,0,0,0,2148,3264.44
13/04/2018,805.5,7728.02,0,0,0,2165,3259
14/04/2018,754,6445.57,0,0,0,3049,3211.38
15/04/2018,775.25,8286.95,0,0,0,3384,3287.72
16/04/2018,725.25,10811.16,0,0,0,3032,3323.13
17/04/2018,1324.75,8692.01,0,0,0,3108,3317.39
18/04/2018,746.75,7243.66,0,0,0,3006,3136.46
19/04/2018,838.75,6689.07,0,0,0,1478,2965.16
20/04/2018,808,5671.95,0,35366.36,0,1662,1800.64
21/04/2018,459.75,5078.18,0,10036.51,0,1468,1585.19
22/04/2018,807.25,6528.49,0,8875.62,0,1767,1642.05
23/04/2018,1216.25,9620.04,0,12720.06,0,1798,1693.96
24/04/2018,1395.25,4109.04,0,13134.66,0,212,976.7
25/04/2018,765.69,7179.61,0,15136.44,0,0,1100.39
26/04/2018,1006,8810.27,3149.58,16272.22,0,0,2092.51
27/04/2018,554.3,6387.38,3461.41,9220.67,0,0,2006.11
28/04/2018,790.79,7523.62,1634.03,6579.96,0,0,2016.53
29/04/2018,783.08,9893.18,1138.27,10200.39,0,0,2095.43
30/04/2018,3561.86,13555.17,3138.39,16262.56,0,0,2364.93
01/05/2018,979,10635.25,2459.21,7532.76,17593.46,1757,1488.73
02/05/2018,977.12,9067.78,3403.66,4622.12,17593.46,1575,1840.76
03/05/2018,878.35,8646.92,3035.38,15355.65,17593.46,1540,1962.11
04/05/2018,625.66,6925.09,3984.33,7493.04,17593.46,1288,1996.03
05/05/2018,508.64,5903.59,2151.53,7566.39,17593.46,1269,1908.34
06/05/2018,430.73,6277.29,1524.42,8168.22,17593.46,1415,1931.4
07/05/2018,1016.04,9529.98,4509.16,7433.79,17593.46,1288,2056.08
08/05/2018,1173.03,8412.39,4462.15,12599.13,2928.74,1043,2196.02
09/05/2018,844.81,7642.42,4295.65,11039.53,2928.74,909,2224.87
10/05/2018,973.19,9534.23,3355.7,11452.1,2928.74,913,2660.58
11/05/2018,746.22,7904.33,4856.83,16645.13,2928.74,703,2693.34
12/05/2018,734.16,6636.69,2164.79,17321.21,2928.74,1057,2570.94
13/05/2018,1011.47,9618.42,1610.86,16973.72,2928.74,1341,2835.46
14/05/2018,1005.56,11800.62,3835.23,518.47,2928.74,1260,2925.22
15/05/2018,1088.64,10566.65,3034.14,0,0,972,2671.31
16/05/2018,972.94,10808.91,2973.39,0,0,508,2982.59
17/05/2018,1189.13,10620.94,2814.73,0,0,387,2893.85
18/05/2018,661.72,5082.13,2764.7,0,0,335,1623.25
19/05/2018,581.08,6070.28,1681.63,0,0,0,1723.37
20/05/2018,741.45,7566.82,1115.48,0,0,0,2250.79
21/05/2018,580.46,10450.49,0,26685.96,0,0,2202.21
22/05/2018,1118.32,12480.75,0,17857.5,1891.61,149,2360.84
23/05/2018,992.93,11468.64,0,15802.14,1891.61,86,2349.56
24/05/2018,967.15,11737.63,0,22355.8,1891.61,90,2252.86
25/05/2018,911.88,9603.89,0,20966.98,1891.61,86,1731.21
26/05/2018,425.37,7295.7,0,7530.74,1891.61,75,1678.56
27/05/2018,713.6,9039.84,0,14387.28,1891.61,72,1794.5
28/05/2018,1268.13,12134.49,0,7362.53,1891.61,69,1988.46
29/05/2018,927.2,10949.03,0,11715.58,0,66,2403.67
30/05/2018,774.59,10045.12,0,7957.68,0,115,2421.76
31/05/2018,861.29,10643.5,0,4390.91,0,62,3352.24
01/06/2018,724.62,9619.46,0,9016.54,0,556,2167.36
02/06/2018,553.78,8550,0,6257.11,0,549,2069.56
03/06/2018,548.56,8891.71,0,8277.03,0,590,2163.2
04/06/2018,879.9,12035.69,3698.13,9254.51,0,402,2119.71
05/06/2018,900.98,10935.14,2867.88,16725.92,12732.91,141,2102.36
06/06/2018,1605.92,9157.52,3765.8,15020.68,12732.91,100,1812.51
07/06/2018,1083.27,10646.9,2943.2,14184.05,12732.91,117,1773.53
08/06/2018,774.5,9706.12,4058.81,15202.26,12732.91,169,1847.23
09/06/2018,794.44,8434.54,1713.45,11653.7,12732.91,215,1939.13
10/06/2018,928.22,9741.24,1249.15,10290.25,12732.91,318,2028.68
11/06/2018,1612.24,8799.44,4302.1,787.74,12732.91,433,1916.49
12/06/2018,1226.16,11940.12,3802.41,0,0,327,2293.09
13/06/2018,1097.54,10157.57,4448.75,0,0,360,2322.38
14/06/2018,1101.94,11259.04,3255.98,0,0,495,1419.77
15/06/2018,1026.58,9111.18,3889.74,0,0,478,1402.06
16/06/2018,617.76,8035.99,1455.33,0,0,507,1424.26
17/06/2018,936.38,10944.62,1376.79,0,0,558,1422.88
18/06/2018,1233.85,14473.78,3963.68,0,0,492,1476.88
19/06/2018,1390.66,13025.35,4492.45,0,0,473,1530.82
20/06/2018,1563.55,11588.61,3864.43,0,0,403,1465.91
21/06/2018,809.97,11946.19,3654.38,0,0,377,1440.64
22/06/2018,784.77,10200.15,3660.74,0,0,407,1442.23
23/06/2018,772.55,8997.18,1911.87,0,0,498,1394.91
24/06/2018,980.71,11165.4,1124.46,0,0,568,1460.24
25/06/2018,1264.5,14848.27,0,10527.97,0,550,1526.6
26/06/2018,1041.34,12893.33,0,9927.46,0,456,1387.77
27/06/2018,656.5,11144.35,0,20256.29,0,485,1415.91
28/06/2018,556.62,11089.36,0,10129.56,0,660,1344
29/06/2018,480.96,9055.48,0,12673.37,0,691,1349.99
30/06/2018,361.26,7946.02,0,11627.49,0,661,1442.71
01/07/2018,476.28,8512.06,0,7467.89,0,0,1196.52
02/07/2018,789.96,12241.95,0,10038.22,0,454,1203.04
03/07/2018,892.38,11220.83,0,6850.97,0,507,1211.96
04/07/2018,534.36,10236.16,0,7674.67,0,563,1241.35
05/07/2018,807.6,10629.39,0,6720.3,0,571,1230.49
06/07/2018,436.92,8285.14,0,3427.93,0,548,1309.17
07/07/2018,228.6,7255.61,0,3490.22,0,528,1296.54
08/07/2018,276.48,8810.64,0,5988.78,0,611,1294.65
09/07/2018,532.2,12984.5,1346.73,6481.12,0,641,1386.28
10/07/2018,769.96,11381.15,1583.91,8187.25,12877.4,749,1335.69
11/07/2018,761.56,9726.94,1743.07,8869.66,12877.4,673,1263.45
12/07/2018,463.14,9413.12,1326.88,8324.07,12877.4,617,1240.04
13/07/2018,448.17,8058.68,1731.52,7379.91,12877.4,592,1266.35
14/07/2018,152.16,6652.32,822.59,8085.75,12877.4,507,1159.24
15/07/2018,257.22,7347.49,564.57,7381.22,12877.4,618,1263.39
16/07/2018,620.33,10277.99,1640.98,552.59,12877.4,615,1369.46
17/07/2018,797.46,9406.55,1411.99,0,1672.45,599,1344.6
18/07/2018,632.02,8510.26,1793.81,0,1672.45,538,1276.88
19/07/2018,459.42,8577.12,1372.44,0,1672.45,504,1294.4
20/07/2018,421.54,7305.29,1733.43,0,1672.45,557,1261.22
21/07/2018,227.7,6660.29,894.86,0,1672.45,602,1278.24
22/07/2018,308.31,7195.78,759.27,0,1672.45,540,1331.94
23/07/2018,552.66,10292.59,2246.47,0,1672.45,585,1529.25
24/07/2018,548.8,9528.43,2413,0,0,535,1626.6
25/07/2018,692.04,8919.79,2380.72,0,0,519,1759.45
26/07/2018,522.9,8539.65,2593.81,0,0,597,1822.1
27/07/2018,486.36,7500.6,0,0,0,599,1800.85
28/07/2018,385.62,7370.32,0,0,0,661,1676.27
29/07/2018,477,8516.96,0,0,0,683,1666.99
30/07/2018,821.38,11958.69,0,0,0,764,1943.98
31/07/2018,732.86,11101.94,0,0,0,662,1998.55
01/08/2018,882.24,9911.58,0,0,0,495,1588.2
02/08/2018,629.64,9554.06,0,0,0,439,1500.15
03/08/2018,285.24,8939,0,0,0,486,1649.95
04/08/2018,352.08,7441.8,0,0,0,636,1612.16
05/08/2018,328.44,8055.79,0,0,0,531,1797.56
06/08/2018,446.64,11065.76,0,0,0,582,2026.27
07/08/2018,585.06,9862.03,0,0,0,560,2163.55
08/08/2018,798.78,9846.97,0,0,0,503,1646.68
09/08/2018,681.06,12101.3,0,9474.9,0,138,1594.21
10/08/2018,667.5,10276.2,0,9083.14,0,151,1676.99
11/08/2018,419.04,8375.68,0,7219.19,0,147,1622.22
12/08/2018,394.32,9885.86,0,6047.99,0,171,1544.94
13/08/2018,934.08,13238.81,0,9169.3,0,146,1571.05
14/08/2018,893.46,12245.9,0,5575.48,18660.7,144,1790.26
15/08/2018,921.72,11208.11,0,4953.45,18660.7,604,1802.56
16/08/2018,746.16,11413.08,0,6309.49,18660.7,624,1762.99
17/08/2018,527.7,10180.78,0,4688.14,18660.7,637,1732.37
18/08/2018,587.7,9098.68,0,3048.46,18660.7,633,984.1
19/08/2018,818.04,10572.9,0,6308.88,18660.7,737,1010.22
20/08/2018,927.54,14006.62,2001.56,6781.33,18660.7,754,1625.56
21/08/2018,930.24,12637.42,2010.96,4951.24,3141.42,712,1265.3
22/08/2018,672,11158.15,2209.19,2955.46,3141.42,668,1374.78
23/08/2018,947.58,11779.17,2429.58,6681.56,3141.42,678,1444.77
24/08/2018,512.94,10994.87,2144.91,4994.4,3141.42,604,1284.65
25/08/2018,593.22,10170.5,1091.88,5057.58,3141.42,743,1699.84
26/08/2018,759.96,11434.66,769.26,4738.04,3141.42,698,1708.49
27/08/2018,809.88,15593.83,2398.33,286.79,3141.42,680,1407.93
28/08/2018,852.54,13536.67,2183.72,0,3345.01,632,1589.12
29/08/2018,748.08,13071.64,2268.26,0,3345.01,674,1873.03
30/08/2018,936.3,12889.94,2126.96,0,3345.01,314,1954.62
31/08/2018,332.1,11145.7,2076.57,0,3345.01,104,1526.29
01/09/2018,353,9426.18,2426.17,0,3345.01,0,1412.52
02/09/2018,312.1,10969.57,1686.67,12904.5,3345.01,0,1450.64
03/09/2018,1102.08,13998.98,0,7230.83,3345.01,720,1368.34
04/09/2018,956.04,13075.91,0,4836.09,0,717,1134.11
05/09/2018,3449.84,11777.69,0,10156.17,0,672,1135.99
06/09/2018,598.54,12838.84,0,5774.33,0,676,1094.33
07/09/2018,600.86,11233.23,0,11347.93,0,665,1386.26
08/09/2018,336.36,9518.51,0,14649.96,0,678,1444.11
09/09/2018,548.48,11575.02,2895.04,6047.17,0,653,1620.47
10/09/2018,531.56,14624.91,5939.84,7408.2,0,651,1601.19
11/09/2018,603.38,13292.91,6518.55,10017.96,0,401,1644.56
12/09/2018,645.22,15851.85,6034.39,7684.26,0,271,1712.81
13/09/2018,761.18,17108.98,6784.93,7718.44,0,286,1641.28
14/09/2018,1409.6,18289.99,6403.14,8212.82,0,322,1707.58
15/09/2018,702.36,14028.04,3366.33,11247.38,0,360,1728.7
16/09/2018,782.82,15090.72,2286.98,9387.75,0,382,2236.3
17/09/2018,921.24,19725.16,7272.79,13066.21,0,350,2346.32
18/09/2018,706.8,16581.46,0,32.56,0,335,3636.22
19/09/2018,1386.8,11359.1,0,0,0,350,1704.56
20/09/2018,493.44,10137.93,0,0,0,294,1845.47
21/09/2018,610.02,10119.05,0,0,0,347,2061.4
22/09/2018,475.62,8005.5,0,0,0,339,1688.51
23/09/2018,813.06,9841.81,0,0,0,429,2134.52
24/09/2018,857.94,12616.53,0,10053.49,0,340,2260.09
25/09/2018,1018.8,10381.27,0,9951.85,9702.56,327,2550.65
26/09/2018,701.04,9961.86,0,10198.79,9702.56,282,2574.56
27/09/2018,917.28,9341.49,0,8140.77,9702.56,265,2551.56
28/09/2018,498.48,8429.42,0,4791.66,9702.56,261,2157.31
29/09/2018,394.32,7004.33,0,10653.98,9702.56,282,1786.8
30/09/2018,636.9,8760.65,0,8157.6,9702.56,234,1973.16
01/10/2018,797.34,13149.17,7227.3,9309.34,9702.56,156,2089.37
02/10/2018,730.74,11492.01,6975.76,8565.72,6342.73,186,2048.35
03/10/2018,744.6,9960.02,6667.63,11549.9,6342.73,315,1938.3
04/10/2018,478.86,9039.68,6523.66,11315.54,6342.73,272,1849.09
05/10/2018,457.74,7897.37,7162.63,5244.66,6342.73,321,1972.44
06/10/2018,280.74,6483.51,3901.78,7347.49,6342.73,272,1960.17
07/10/2018,660.66,8170.77,2863.93,6458.67,6342.73,324,1998.81
08/10/2018,559.08,11695.53,8906.67,7025.07,6342.73,338,2735.8
09/10/2018,636,10834.15,7728.77,13198.17,0,330,2876.47
10/10/2018,645.66,9344.3,0,20.39,0,315,413.64
11/10/2018,1526.28,9258.28,0,0,0,387,906.74
12/10/2018,276.96,9349.25,0,0,0,533,863.94
13/10/2018,342.72,7624.85,0,0,0,829,707.81
14/10/2018,404.76,9496.38,0,0,0,832,813.04
15/10/2018,1078.92,14074.63,0,0,0,908,944.69
16/10/2018,717.18,13723.48,0,0,0,870,991.03
17/10/2018,560.1,13355.22,0,0,0,817,978.63
18/10/2018,917.12,12471.91,0,0,0,790,1023.12
19/10/2018,353.58,12562.64,0,465.68,0,769,1081.72
20/10/2018,344.1,10272.95,0,9801.9,0,833,1147.21
21/10/2018,419.82,12114.61,0,15175.71,0,812,1080.22
22/10/2018,863.7,17472.76,3832.7,22911.5,0,901,1198.91
23/10/2018,889.74,16393.75,3711.36,19663.75,13810.62,781,1163.68
24/10/2018,681.12,14664.93,3321.89,22818.53,13810.62,742,1312.48
25/10/2018,645.3,14670.99,3875.8,16614.31,13810.62,690,1782.81
26/10/2018,535.92,13960.48,4822.58,13318.71,13810.62,833,1734.94
27/10/2018,474.48,11054.12,2542.04,17998.36,13810.62,788,1635.95
28/10/2018,405.66,12677.75,1919.9,21941.04,13810.62,932,1869.35
29/10/2018,700.26,17924.64,4452.92,34971.11,13810.62,638,1753.22
30/10/2018,2692.06,16799.18,4675.08,37315.48,2270.11,212,1430.45
31/10/2018,577.2,14264.67,4160.61,33048.4,2270.11,110,1226.83
01/11/2018,499.74,13912.05,5002.72,13137.71,2270.11,205,1139.91
02/11/2018,631.2,11755.51,4437.62,8565.18,2270.11,445,1133.13
03/11/2018,651.18,10484.69,2505.16,7732.98,2270.11,449,1137.79
04/11/2018,1274.28,12956.65,1816.69,8990.9,2270.11,480,1222.71
05/11/2018,1674,17579.92,3299.44,12479.64,2270.11,447,1184.84
06/11/2018,608.28,14893.07,3145.11,8804.6,0,400,1120.67
07/11/2018,812.76,15304.62,3693.68,96,0,427,1209.38
08/11/2018,906,14696.76,3315,967.24,0,382,1264.72
09/11/2018,510.66,12559.17,4315.16,1085.26,0,363,1252.36
10/11/2018,324.06,12625.65,2153.75,1750.53,0,380,1243.09
11/11/2018,466.02,15887.23,1406.85,1594.12,0,435,1291.04
12/11/2018,325.62,18663.19,0,2002.61,0,393,1368.84
13/11/2018,464.16,16911.21,0,2715.59,0,274,1249.82
14/11/2018,626.7,15800.06,0,7325.07,0,292,1396.36
15/11/2018,495,16206.78,0,30385.46,0,302,1489.2
16/11/2018,548.76,13895.31,0,16345.49,0,265,1498.82
17/11/2018,305.64,13044.31,0,26226.04,0,299,1225.86
18/11/2018,406.8,16333.85,0,23139.77,0,287,1424.82
19/11/2018,355.62,19113.78,0,15429.99,0,311,1455.98
20/11/2018,472.5,16543.3,0,15406.23,0,377,1403.37
21/11/2018,333.3,16917.41,0,10160.02,0,354,1457.84
22/11/2018,394.02,17305.74,0,7437.25,0,353,1455.99
23/11/2018,1775.22,22703.72,0,8027.98,0,473,2141.93
24/11/2018,542.94,12624.41,0,10593.33,0,440,3154.21
25/11/2018,921.12,14006.4,0,14072.1,0,419,3574.34
26/11/2018,1400.46,19972.98,0,21092.2,0,775,3493.84
27/11/2018,736.26,15466.85,3985.38,19349.19,11001.38,869,1611.61
28/11/2018,714.96,14765.27,3510.18,17262.99,11001.38,845,1293.58
29/11/2018,804.72,13531.97,3432.64,10726.59,11001.38,801,1216.41
30/11/2018,467.1,11469.34,3611.85,6465.13,11001.38,789,1119.97
01/12/2018,574.32,9872.11,1516.46,13288.73,11001.38,818,985.29
02/12/2018,457.44,11830.98,1375.47,20758.51,11001.38,908,982.57
03/12/2018,581.88,15478.28,3932.45,17000.98,11001.38,728,1005.33
04/12/2018,696.36,12371.29,4228.25,17954.13,1428.43,304,1035.02
05/12/2018,404.52,11773.87,4292.59,20641.1,1428.43,278,1198.2
06/12/2018,493.26,10910.07,3305.68,12652.65,1428.43,365,1185.05
07/12/2018,375,9748.96,4040.49,9873.67,1428.43,392,1134.74
08/12/2018,280.32,8500.92,1880.68,9984.31,1428.43,370,1072.42
09/12/2018,471.12,9753.51,1756.95,11574.76,1428.43,399,1162.7
10/12/2018,894.26,12929.28,4058.55,274.77,1428.43,402,1096.97
11/12/2018,343.5,10408.07,3930.92,719.19,0,364,964.64
12/12/2018,625.68,10046.98,3564.44,369.6,0,326,978.26
13/12/2018,536.88,10512.32,4499.75,395.17,0,355,895.37
14/12/2018,590.64,8671.58,3040.72,855.81,0,263,1076.2
15/12/2018,492.36,8151.19,1723.03,804.49,0,244,1503
16/12/2018,587.88,10052.44,1411.74,1534.84,0,282,1564.83
17/12/2018,892.08,13579.8,0,725.58,0,251,1562.55
18/12/2018,782.46,11215.92,0,1400.07,0,359,1592.96
19/12/2018,489.36,10466.16,0,1001.26,0,705,775.03
20/12/2018,448.44,10379.57,0,12958.62,0,708,983.81
21/12/2018,426.96,10774.78,0,9548.53,0,680,862.85
22/12/2018,362.1,8483.82,0,13672.09,0,662,741.43
23/12/2018,416.58,9725.46,0,16012.23,0,656,771.56
24/12/2018,348.54,10622.3,3824.5,4457.29,0,676,601.3
25/12/2018,397.74,8620.5,2928.42,8302.7,10860.76,706,615.69
26/12/2018,440.16,9106.56,3573.39,4510.2,10860.76,806,671.35
27/12/2018,1098.9,12246.25,3406.94,12506.08,10860.76,539,659.03
28/12/2018,1015.14,10800.1,3031.08,6277.6,10860.76,331,593.27
29/12/2018,683.22,8975.86,1843.98,7606.58,10860.76,405,571.4
30/12/2018,606.48,9200.99,1717.2,16542.56,10860.76,420,583.4
31/12/2018,573,8041.86,3989.61,19132.4,10860.76,85,568.56
01/01/2019,615.96,9564.03,0,5171.48,1418.91,1562,842.23
02/01/2019,739.56,13195.12,0,2548.1,1418.91,1218,985.9
03/01/2019,862.38,13067.4,0,1987.66,1418.91,737,1109.33
04/01/2019,719.04,11118.98,0,3024,1418.91,1211,1398.11
05/01/2019,577.5,8991.26,0,4478.11,1418.91,1107,1491.26
06/01/2019,862.98,9655.89,0,4494.3,1418.91,1168,1492.56
07/01/2019,702.06,13657.38,0,3603.99,1418.91,975,2079.65
08/01/2019,706.92,12771.52,0,2762.95,0,807,2575.18
09/01/2019,829.92,11394.95,0,1297.79,0,1655,1182.46
10/01/2019,587.76,11760.42,0,1149.89,0,1477,1332.12
11/01/2019,675.42,10256.8,2521.27,5401.55,0,1370,1408.88
12/01/2019,499.02,10126.62,1327.08,13094.29,0,1395,1706.78
13/01/2019,464.34,11384.22,950.23,12371.75,0,1714,1671.35
14/01/2019,809.46,14355.34,2776.43,6519.18,0,1551,1688.09
15/01/2019,856.8,12601.95,2355.61,7462.88,286.36,1151,1692.27
16/01/2019,721.5,11647.78,2677.27,4887.73,286.36,1208,1901.48
17/01/2019,596.88,11098.1,2164.78,5249.38,286.36,1088,1868.29
18/01/2019,336.72,9346.42,2013.54,2291.41,286.36,1011,1988.41
19/01/2019,519.42,8792.86,1238.73,4669.13,286.36,936,1973.87
20/01/2019,643.8,9878.25,779.03,6835.11,286.36,1088,1942.07
21/01/2019,811.8,14499.39,2622.45,6308.1,286.36,1221,2086.5
22/01/2019,911.76,12841.15,2915.5,3783.42,11685.88,1211,2088.13
23/01/2019,704.16,12427.55,2949.72,5012.27,11685.88,1200,2125.43
24/01/2019,724.14,14323.45,2234.03,2078.66,11685.88,991,2175.01
25/01/2019,1123.02,13427.67,0,2648.56,11685.88,952,2134.84
26/01/2019,508.98,12001.41,0,4686.38,11685.88,1432,2180.32
27/01/2019,565.86,12915.93,0,7045.57,11685.88,1571,2226.45
28/01/2019,637.32,18462.68,0,4412.51,11685.88,1425,2322.76
29/01/2019,685.68,16540.18,0,4389.85,1466.87,2761,2277.97
30/01/2019,1749.96,11251.1,0,5353.8,1466.87,2964,2012.98
31/01/2019,781.08,13248.8,0,3529.03,1466.87,1507,2135.11
01/02/2019,541.62,10603.51,0,252.79,1466.87,747,1750.83
02/02/2019,476.34,8827.37,0,0,1466.87,1012,1704.89
03/02/2019,631.26,9167.94,0,0,1466.87,1235,1710.29
04/02/2019,587.58,13036.7,0,0,1466.87,1240,1708.78
05/02/2019,571.32,10789.7,0,0,0,1152,1754.69
06/02/2019,512.7,10207,0,0,0,864,1956.68
07/02/2019,788.04,9833.11,0,0,0,1156,1852.64
08/02/2019,338.1,8754.24,0,0,0,907,2053.38
09/02/2019,426.36,7252.46,0,0,0,1084,1947.18
10/02/2019,586.32,8478.32,0,0,0,1510,1987.57
11/02/2019,755.82,12009.5,0,6213.78,0,1148,1962.21
12/02/2019,701.84,9890.35,3182.92,6272.83,11654.38,1460,1988.81
13/02/2019,830.52,8384.14,1839.42,3921.83,11654.38,1922,1978.98
14/02/2019,480.4,8357.22,2556.37,5069.2,11654.38,1860,1973.55
15/02/2019,580.66,8271.61,2730.88,3373.98,11654.38,1672,1917.02
16/02/2019,280.26,7162.79,1429.98,5951.31,11654.38,1580,1847
17/02/2019,292.92,8430.58,1034.07,7970.34,11654.38,1652,1828.34
18/02/2019,842.84,12637.49,2553.33,5266.64,11654.38,1319,1966
19/02/2019,1030.56,12393.57,2673.27,3956.13,1459.55,1391,1880.71
20/02/2019,950.3,20411.81,2247.43,4906.53,1459.55,1315,1748.19
21/02/2019,896.58,20521.74,2158,4514.86,1459.55,2829,1787.82
22/02/2019,526.12,13731.57,2419.97,3715.67,1459.55,1180,1829.01
23/02/2019,351.42,11359.37,1193.42,5221.88,1459.55,1487,1810.2
24/02/2019,554.94,12933.28,901.99,3832.18,1459.55,1465,1841.97
25/02/2019,752.74,15861.15,2781.53,6060.4,1459.55,1319,2182.11
26/02/2019,1089.24,12411.2,0,4751.01,0,1353,2185.46
27/02/2019,796.44,9934.66,0,3780.87,0,998,2592.08
28/02/2019,724.8,10257.34,0,5667.94,0,1438,2596.57
01/03/2019,445.08,8868.86,0,6400.98,0,1266,1721.47
02/03/2019,372.24,8231.49,0,3546.55,0,1307,1694.08
03/03/2019,596.28,9691.98,0,4994.53,0,1299,1749.73
04/03/2019,716.46,12629.12,0,0.84,0,1300,1779.89
05/03/2019,518.93,11883.11,0,0,0,1108,1727.1
06/03/2019,678.66,11856.26,0,0,0,1031,1200.25
07/03/2019,751.14,10963.71,0,0,0,1422,1291.35
08/03/2019,496.02,9624.01,0,0,0,927,1225.41
09/03/2019,678.78,8788.4,0,0,0,1146,1219.62
10/03/2019,644.52,9603.05,0,0,0,1283,1236.79
11/03/2019,3404.24,12519.74,0,0,0,1230,1344.5
12/03/2019,706.81,11468.8,0,0,0,1141,1536.28
13/03/2019,487.38,10488.28,0,0,0,1476,1601.12
14/03/2019,480.06,10035.51,0,0,0,1771,1573.89
15/03/2019,289.32,9013.63,0,0,0,1146,1629.74
16/03/2019,350.58,9069.43,0,0,0,1272,1572.1
17/03/2019,347.58,9880.82,0,0,0,1543,1636.85
18/03/2019,602.7,12180.53,0,0,0,479,997.37
19/03/2019,541.44,10799.28,0,0,0,1358,1568.21
20/03/2019,520.32,10041.6,0,0,0,1159,1688.33
21/03/2019,318,9822.26,0,0,0,1285,1670.46
22/03/2019,154.8,8388.08,0,0,0,1078,1633.44
23/03/2019,405.78,7873.08,0,0,0,801,1585.44
24/03/2019,522.24,9140.99,0,0,0,1044,1665.76
25/03/2019,932.76,13661.68,0,0,0,1143,1674.4
26/03/2019,733.38,12635.9,0,0,0,678,1710.16
27/03/2019,784.74,12284.03,0,0,0,320,1660.93
28/03/2019,884.58,11499.56,0,0,0,469,1673.52
29/03/2019,486.12,9229.13,0,0,0,286,1554.97
30/03/2019,285.66,7983.42,0,0,0,266,1220.21
31/03/2019,0,9584.97,0,0,0,379,1266.09
01/04/2019,562.8,13773.2,0,0,0,468,1788.28
02/04/2019,654.6,13612.49,0,0,0,641,1791.1
03/04/2019,703.98,11888.41,0,0,0,613,1763.86
04/04/2019,532.86,10957.85,0,11966.42,0,552,1650.26
05/04/2019,481.86,9793.68,0,17571.64,0,493,1361.88
06/04/2019,321.96,8261.02,0,12119.76,0,484,1148.03
07/04/2019,401.28,8089.4,0,18149.59,0,573,1143.68
08/04/2019,310.2,12041.19,0,14287.33,0,534,1191.64
09/04/2019,436.08,10912.21,0,15368.94,0,527,1300.05
10/04/2019,476.1,9766.1,0,13536.76,0,427,1299.56
11/04/2019,420.66,9422.46,0,10285.11,0,383,1272.69
12/04/2019,238.2,8085.91,0,6995.25,0,418,1224.73
13/04/2019,389.7,6877.04,0,9233.75,0,413,1241.44
14/04/2019,217.14,8101.95,0,13164.27,0,426,1255.4
15/04/2019,582.6,10438.92,2890.15,9709.05,0,487,1288.58
16/04/2019,279.9,8797.13,2733.82,15806.47,11607.41,590,1239.91
17/04/2019,276.9,8685.73,2095.15,7760.42,11607.41,670,1221.72
18/04/2019,476.52,7920.23,2329.5,7750.87,11607.41,535,1234.63
19/04/2019,326.16,6880.84,2116.39,7065.45,11607.41,551,1190.03
20/04/2019,178.2,5114.62,977.88,6173.7,11607.41,590,1164.7
21/04/2019,126,5889.82,917.25,11456.73,11607.41,580,1144.32
22/04/2019,399.6,8378.43,2597.11,8353.91,11607.41,635,1182.01
23/04/2019,553.68,10793.94,2032.04,8881.3,1454.67,588,1856.52
24/04/2019,780.06,9853.17,1717.96,8766.19,1454.67,1076,2243.13
25/04/2019,779.22,11107.57,1689.99,12270.94,1454.67,998,2398
26/04/2019,524.1,9166.5,1589.79,9487.42,1454.67,828,2352.11
27/04/2019,280.8,7265.02,1233.54,10102.89,1454.67,865,2081.77
28/04/2019,494.64,9312.71,825.32,17852.46,1454.67,858,2197.91
29/04/2019,605.22,11691.02,0,33.15,1454.67,943,2693.3
30/04/2019,473.05,10287.89,0,0,0,808,1604.67
01/05/2019,913.8,10019.22,0,0,0,1268,1824.22
02/05/2019,492.8,10380.25,0,0,0,1331,2158.58
03/05/2019,613.19,8497.53,0,0,0,861,2119.47
04/05/2019,472.77,7634.77,0,0,0,783,2053.49
05/05/2019,491.19,8181.06,0,0,0,883,2126.09
06/05/2019,507.13,10897.7,0,0,0,805,2151.13
07/05/2019,474.93,8410.88,0,0,0,620,2224.71
08/05/2019,626.85,7535.8,0,0,0,583,2285.44
09/05/2019,455.33,6770.56,0,0,0,513,2403.53
10/05/2019,544.15,6149.06,0,0,0,560,2531.28
11/05/2019,390.85,5062.32,0,0,0,512,2193.39
12/05/2019,588.14,5743.5,0,0,0,564,2285.69
13/05/2019,604.82,9535.36,0,0,0,614,2519.65
14/05/2019,615.34,9655.11,0,0,0,540,2580.28
15/05/2019,597.15,8900.51,0,0,0,512,2525.52
16/05/2019,367.59,9091.51,0,10079.63,0,568,2613.97
17/05/2019,458.09,8404.68,0,12140.13,0,518,2667.18
18/05/2019,296.57,6489.2,0,9656.44,0,493,2434.5
19/05/2019,240.85,8040.46,0,19615.54,0,529,2481.77
20/05/2019,667.38,11471.58,0,15707.81,0,606,2601.35
21/05/2019,529.12,10912.57,0,10575.84,0,587,2718.86
22/05/2019,650.45,9230.42,0,7526.9,0,568,2819.29
23/05/2019,1310.95,8268.25,0,8707.68,0,590,2896.86
24/05/2019,214.38,8224.16,0,10084.43,0,500,2864.2
25/05/2019,210.96,7376.63,0,17036.61,0,542,2608.28
26/05/2019,502.36,9062.48,0,15780.87,0,621,2613.71
27/05/2019,689.76,10788.49,1389.27,12819.07,0,601,2977.33
28/05/2019,772.65,11033.79,1225.64,10972.36,11617.94,604,2995.8
29/05/2019,418.66,9547.42,1325.05,8298.71,11617.94,557,3136.91
30/05/2019,505.91,10480.25,1383.5,7417.83,11617.94,601,3014.51
31/05/2019,510.72,10431.23,1407.97,4945.89,11617.94,636,3141.43
01/06/2019,200.17,8318.96,705.16,6319.73,11617.94,451,2034.13
02/06/2019,209.74,8993.32,590.56,4417.23,11617.94,467,2101.24
03/06/2019,434.49,11862.99,1432.23,10602.91,13087.25,465,2321.11
04/06/2019,513.35,11579.72,1563.32,6232.92,1469.31,494,2432.73
05/06/2019,888.02,12449.92,1440.64,8358.79,1469.31,443,2366.67
06/06/2019,320.27,11511.7,1365.01,6526.31,1469.31,451,2349.34
07/06/2019,434.41,11046.84,1353.29,6910.14,1469.31,366,2359.21
08/06/2019,176.7,11346.62,681.74,490.33,1469.31,430,2108.25
09/06/2019,239.71,9596.01,486.12,0,1469.31,413,2076.45
10/06/2019,196.14,11841.37,0,0,0,458,2273.79
11/06/2019,457.96,12608.66,0,0,0,428,2177.91
12/06/2019,454.17,12890.64,0,0,0,438,2167.45
13/06/2019,349.37,11712.13,0,0,0,389,2419.29
14/06/2019,681.57,10864.34,0,0,0,417,2296.56
15/06/2019,333.04,10236.75,0,0,0,450,2093.23
16/06/2019,998.26,11581.03,0,0,0,480,2113.68
17/06/2019,1193.3,12426.15,0,5944.33,11746.73,429,2576.1
18/06/2019,781.37,12430.77,0,10401.87,11746.73,490,2613.67
19/06/2019,587.14,13359.14,0,13542.3,11746.73,557,2838.33
20/06/2019,838.11,13536.42,1901.45,12549.69,11746.73,471,2786.14
21/06/2019,515.29,11703.7,1782.86,13423.84,11746.73,445,3015.96
22/06/2019,368.32,9049.55,938.65,12053.92,11746.73,445,2758.55
23/06/2019,503.46,8980.14,692.37,6859.86,11746.73,409,2820.1
24/06/2019,506.4,10666.79,1867.63,10078.13,1461.99,458,3201.65
25/06/2019,477.48,9759.66,1879.9,8942.98,1461.99,448,3466.59
26/06/2019,373.92,9675.47,1882.71,15157.87,1461.99,466,3453.89
27/06/2019,877.08,10403.18,1947.74,14598.84,1461.99,508,3698
28/06/2019,673.74,9386.67,1855,5269.37,1461.99,454,3962.67
29/06/2019,601.92,8955,989.89,9262.12,1461.99,406,4484.46
30/06/2019,783.6,11531.59,760.5,10272.36,1461.99,460,4563.95
01/07/2019,707.16,15636.06,0,642.83,0,73,1696.73
02/07/2019,618.6,14674.16,0,0,0,84,2488.41
03/07/2019,346.5,15055.08,0,0,0,90,2641.96
04/07/2019,225.12,13055.93,0,7954.28,0,68,2512.48
05/07/2019,196.26,12925.75,0,8909.24,0,24,2566.04
06/07/2019,392.7,12695.14,0,9177.64,0,48,2526.09
07/07/2019,758.1,14092.94,0,10418.4,0,40,2494.04
08/07/2019,662.7,17239.57,1291.96,6398,0,50,2626.66
09/07/2019,715.8,15859.35,1598.35,6788.69,0,40,2537.33
10/07/2019,451.62,16031.34,1466.3,9165.83,0,46,2711.47
11/07/2019,481.62,14369.04,1411.95,6121.04,0,38,2661.62
12/07/2019,254.46,13676.98,1339.88,8079.09,0,57,2601.59
13/07/2019,441.96,12940.89,702.44,5132.99,0,28,2583.08
14/07/2019,334.62,13873.24,564.56,8616.73,0,38,2697.5
15/07/2019,478.2,15828.81,1264.07,10003.25,2396.25,67,2717.79
16/07/2019,549.54,15704.01,1522.22,7326.47,2396.25,57,2688.1
17/07/2019,507.48,13240.32,1283.37,5074.02,2396.25,39,2650.38
18/07/2019,867.12,13455.98,1287.23,6234.82,2396.25,44,2829.03
19/07/2019,596.82,11505.8,1252.27,5771.87,2396.25,51,2698.94
20/07/2019,467.88,11393.08,648.85,8228.77,2396.25,63,2622
21/07/2019,369.42,11531.99,611.8,4811.53,2396.25,50,2464.85
22/07/2019,657.6,13179.88,0,7008.04,3102.32,53,2892.06
23/07/2019,464.4,11656.24,0,6852.05,3102.32,58,2831.75
24/07/2019,482.7,10488.31,0,7816.89,3102.32,60,2805.55
25/07/2019,471.6,9233.44,0,358.8,3102.32,46,2817.65
26/07/2019,438.9,9322.04,0,0,3102.32,53,2936.57
27/07/2019,441.54,9648.48,0,0,3102.32,55,2731.49
28/07/2019,572.52,10785.57,0,0,3102.32,75,2803.63
29/07/2019,1177.88,12251.91,0,0,5315.73,55,2774.71
30/07/2019,566.88,10703.33,0,0,5315.73,73,2909.84
31/07/2019,549.66,12282.03,0,0,5315.73,62,2914.26
01/08/2019,750.66,10160.46,0,9596.67,5315.73,69,2324.85
02/08/2019,396.72,9201.54,0,9881.91,5315.73,74,2451.51
03/08/2019,230.46,7789.22,0,7486.26,5315.73,91,2424.54
04/08/2019,328.02,7938.97,0,8157.6,5315.73,65,2553.97
05/08/2019,1124.66,10115.71,1424.51,7315.3,1716.06,61,2604.99
06/08/2019,444.9,9654.59,1552.04,5742.06,1716.06,57,2534.34
07/08/2019,602.76,9857.19,1425.3,8271.71,1716.06,64,2473.76
08/08/2019,382.74,12367.78,1324.3,6560.83,1716.06,59,2663.64
09/08/2019,261.36,12877.31,1369.94,6825.95,1716.06,64,2823.04
10/08/2019,133.02,10979.35,785.38,6065.92,1716.06,46,2642
11/08/2019,335.4,11548.1,533.56,7736.01,1716.06,61,2790.58
12/08/2019,446.22,12161.08,1331.45,5815.27,2264.27,62,2928.13
13/08/2019,306.48,10274.21,1420.47,4252.26,2264.27,50,2941.92
14/08/2019,275.16,9581.55,1281.04,3744.63,2264.27,13,2984.17
15/08/2019,556.2,9295.76,1298.09,7730.95,2264.27,7,2967.71
16/08/2019,398.16,7502.13,1439.04,9048.79,2264.27,7,2923.23
17/08/2019,243.42,7834.01,791.43,5804.99,2264.27,2,2867.58
18/08/2019,627,9650.92,515.87,10225.01,2264.27,8,2886.23
19/08/2019,320.52,10659.8,0,6601.83,0,8,3221.92
20/08/2019,940.18,11394.64,0,6730.9,0,6,3415.07
21/08/2019,552.9,10747.38,0,6572.49,0,6,3441.54
22/08/2019,493.32,10548.93,0,532.63,0,8,3181.14
23/08/2019,386.28,9927.88,0,0,0,3,2946
24/08/2019,385.44,8721.04,0,0,0,9,2787.38
25/08/2019,697.92,10053.86,0,0,0,6,2864.31
26/08/2019,589.26,13525.83,0,0,0,22,2974.51
27/08/2019,761.46,13907.2,0,0,0,36,2957.51
28/08/2019,547.98,14077.03,0,0,0,49,3141.69
29/08/2019,367.74,13821.32,0,0,0,69,2817.17
30/08/2019,344.16,12921.74,0,0,0,86,3003.74
31/08/2019,301.8,11112.83,0,0,0,118,2891.59
01/09/2019,654.36,14892.22,0,0,0,99,2114.49
02/09/2019,362.28,15505.96,0,0,0,85,2304.17
03/09/2019,680.52,14725.23,0,0,0,50,2504.03
04/09/2019,506.34,13962.5,0,0,0,51,2238.99
05/09/2019,271.44,12479.38,0,0,0,51,2314.65
06/09/2019,240.06,10630.04,0,0,0,29,2563.35
07/09/2019,450,9603.39,0,0,0,57,2494.15
08/09/2019,313.08,10337.61,0,0,0,46,2416.77
09/09/2019,1540.92,10841.04,0,0,0,37,2520.16
10/09/2019,149.34,12952.09,0,0,0,39,2515.74
11/09/2019,384.72,14183.9,0,0,0,40,2500.11
12/09/2019,444.72,10605.29,0,0,0,51,2005.79
13/09/2019,769.86,15166.47,0,0,0,40,2312.44
14/09/2019,478.86,10319.15,0,0,0,39,2541.61
15/09/2019,380.1,9653.47,0,0,0,32,2856.64
16/09/2019,606.96,10511.45,0,0,0,49,2774.11
17/09/2019,412.86,10576.8,0,12508.17,0,41,2510.09
18/09/2019,688.02,9403.59,0,11885.62,0,80,2545.83
19/09/2019,552,8925.88,0,9703.62,0,54,2426.93
20/09/2019,473.94,9283.54,0,8685.77,0,62,2460.32
21/09/2019,407.88,8500.41,0,8654.41,0,70,2315.63
22/09/2019,347.04,9963.31,0,5339.14,0,52,2353.88
23/09/2019,636.36,12144.3,1895.78,6801.28,0,65,2395.11
24/09/2019,691.44,12409.81,1842.49,9185.12,0,54,2666.03
25/09/2019,472.68,13447.97,1888.1,9086.03,0,57,2570.48
26/09/2019,412.06,12973.98,2195.13,10128.9,0,57,3583.61
27/09/2019,271.02,11674.79,2130.65,7178.62,0,59,3715.02
28/09/2019,295.14,12531.43,1080.2,8678.84,0,65,3474.01
29/09/2019,381.9,14536.11,663.47,10834.15,0,77,3854.86
30/09/2019,11283.7,15836.16,2290.51,19829.26,0,88,4275.72
01/10/2019,1562.68,14539.11,2043.08,12662.03,0,66,2336.69
02/10/2019,358.92,14060.14,1757.72,7282.74,0,45,3361.65
03/10/2019,306.54,13523.87,1998.34,9986,0,41,2818.39
04/10/2019,466.14,12280.81,1913.59,13775.16,0,51,2806.5
05/10/2019,236.16,11062.73,1116.03,16259.23,0,67,2688.02
06/10/2019,338.64,12866.27,796.1,7752.63,0,53,2777.42
07/10/2019,384.06,14042.44,1609.43,12988.05,0,73,2731.35
08/10/2019,485.7,17051.84,2273.93,15193.54,0,80,3928.73
09/10/2019,482.64,16168.09,1889.53,8885.08,0,52,5597.96
10/10/2019,458.28,15137.68,1977.4,4957.19,0,40,4429.11
11/10/2019,349.62,14361.83,1612.57,7639.15,0,70,4046.74
12/10/2019,307.98,15555.27,1083,369.3,0,64,3942.93
13/10/2019,375.54,16223.82,943.48,0,0,62,3995.99
14/10/2019,595.44,17042.52,0,0,0,60,4076.44
15/10/2019,581.28,12494.11,0,0,0,70,4320.77
16/10/2019,560.94,11761.45,0,0,0,69,5224.58
17/10/2019,447.6,10925.79,0,0,0,72,5237.01
18/10/2019,281.46,10695.45,0,0,0,54,4102.94
19/10/2019,295.56,11090.92,0,0,0,60,3911.34
20/10/2019,297.06,12090.54,0,0,0,44,3974.72
21/10/2019,852.12,13062.42,0,0,0,59,4057.01
22/10/2019,507.96,16419.78,0,0,0,58,3828.25
23/10/2019,472.76,9772.53,0,0,0,59,3708.47
24/10/2019,439.68,10004.72,0,12813.08,0,57,3777.14
25/10/2019,369.12,9583.14,0,11361.35,0,48,3753.57
26/10/2019,349.98,8130.46,0,12471.06,0,43,3179.65
27/10/2019,391.26,10206.27,0,8951.02,0,66,3271.04
28/10/2019,708.72,10752.56,2980.39,9481.78,0,53,3026.19
29/10/2019,609.84,9669.99,2732.39,3715.78,0,48,5154.73
30/10/2019,611.1,8896.87,2387.85,7538.65,0,41,5328.19
31/10/2019,417.84,9020.72,2482.51,3445.1,0,76,4999.57
01/11/2019,3012.34,11405.23,1925.37,6307.1,0,106,4967.78
02/11/2019,141.24,10829.08,1013.94,7880.08,0,93,4913.89
03/11/2019,345.18,12384.9,789.45,8242.5,0,89,5014.62
04/11/2019,1531.18,13164.45,2016.65,9103.87,0,92,4479.23
05/11/2019,441,11617.79,1963.42,11708.21,0,70,4425.49
06/11/2019,682.44,10722.74,1625.51,5590.95,0,44,2891.13
07/11/2019,517.26,10304.38,1812.27,4407.89,0,41,2479.37
08/11/2019,416.28,9434.32,1667.71,7270.5,0,39,2103.11
09/11/2019,165.9,2315.36,946.91,8786.45,0,8,1128.29
10/11/2019,788.04,4509.19,722.9,8830.24,0,0,669.17
11/11/2019,1107.3,13836.85,1614.62,8000.1,0,27,2918.49
12/11/2019,612.66,10904.69,1812.1,7584.77,0,39,2909.51
13/11/2019,703.14,10575.95,1833.93,8472.91,0,37,2306.8
14/11/2019,435.36,10165.77,1731.43,13783.87,0,60,2274.87
15/11/2019,449.76,10007.45,1993.99,4985.8,0,116,3047.94
16/11/2019,503.22,9264.16,1030.19,5880.41,0,131,3077.91
17/11/2019,391.74,10697.65,665.42,7546.16,0,108,3091.4
18/11/2019,387.9,12295.45,0,18.31,0,119,3183.14
19/11/2019,481.98,12793.44,0,0,0,140,3123.97
20/11/2019,412.62,11493.52,0,0,0,159,3117.21
21/11/2019,625.86,12115.01,0,0,0,111,3354.56
22/11/2019,354.78,11360.19,0,0,0,110,3438.62
23/11/2019,193.86,10346.81,0,0,0,117,3707.15
24/11/2019,335.82,11711.39,0,0,0,146,3595.67
25/11/2019,2464.18,13854.02,0,0,0,142,2779.28
26/11/2019,2195.1,15835.77,0,0,0,146,2875.44
27/11/2019,700.92,15962.86,0,0,0,110,3385.46
28/11/2019,875.34,16503.81,0,0,0,130,2015.39
29/11/2019,2821.4,23047.85,0,14276.39,0,447,2269.8
30/11/2019,1126.9,15314.24,0,14458.55,0,694,2896.69
01/12/2019,1540.48,17021.23,0,11301.64,0,783,2188.78
02/12/2019,2334.3,17550.67,0,5070.16,0,138,1969.26
03/12/2019,586.4,11453.22,0,7029.4,0,0,2854.43
04/12/2019,606.78,11224.8,0,13333.02,0,0,3178.27
05/12/2019,355.38,9723.63,0,9461.37,0,6,3369.36
06/12/2019,391.08,9407.93,0,6368.25,0,55,3879.54
07/12/2019,296.58,8406.28,0,6678.11,0,42,3812.62
08/12/2019,376.02,11611.79,0,4967.67,0,62,3862.56
09/12/2019,478.86,11257.72,2757.54,9671.68,0,46,3888.76
10/12/2019,1276.24,10130.74,2223.57,6818.15,0,47,4012.12
11/12/2019,389.16,9377.12,2081.48,7604.42,0,49,4208.52
12/12/2019,553.14,9393.4,2085.15,3758.79,0,33,3908.79
13/12/2019,139.62,8595.34,2196.06,3894.96,0,33,3988.39
14/12/2019,141.84,8782.87,1159.72,10217.72,0,36,3776.94
15/12/2019,337.56,9835.59,892.52,8790.7,0,40,3795.57
16/12/2019,316.44,10619.49,2440.24,8726.94,0,32,3689.92
17/12/2019,390.54,9597.92,2200.82,7746.59,0,48,4875.63
18/12/2019,603.36,8415.47,2346.6,6489.12,0,43,4655.9
19/12/2019,387.84,7610.91,1920.89,4774.19,0,41,4316.91
20/12/2019,505.74,6837.47,2078.14,6594.07,0,40,4394.24
21/12/2019,152.1,6961.96,1015.91,13033.1,0,38,3718.42
22/12/2019,152.76,7542.06,1078.37,9969.37,0,47,3721.41
23/12/2019,466.8,7978.35,2532.45,164.98,0,54,3741.5
24/12/2019,230.76,6822.7,2741.69,0,0,84,4260.95
25/12/2019,259.5,5982.1,0,0,0,70,3607.75
26/12/2019,299.64,5822.14,0,0,0,86,3661.33
27/12/2019,558.06,6852.94,0,0,0,83,3641.69
28/12/2019,454.08,5342.78,0,0,0,93,3310.63
29/12/2019,257.1,5524.8,0,0,0,84,2561.94
30/12/2019,640.32,6440.07,0,0,0,98,2843.81
31/12/2019,296.82,3996.86,0,0,0,20,2900.74
01/01/2020,192.78,4786.32,0,0,0,0,2074.25
02/01/2020,474.66,6694.96,0,0,0,29,4371.02
03/01/2020,347.34,6481.25,0,0,0,19,4489.22
04/01/2020,140.4,4910.34,0,0,0,49,4452.2
05/01/2020,284.76,5449.2,0,0,0,58,6902.66
06/01/2020,405.48,5557.48,0,0,0,68,9262.26
07/01/2020,464.46,5401.5,0,0,0,64,8830.38
08/01/2020,318.78,5440.68,0,0,0,76,4910.46
09/01/2020,596.28,5821.24,0,6587.2,0,58,7192.83
10/01/2020,760.44,5096.87,0,5081.33,0,49,7036.39
11/01/2020,241.44,5610.59,0,4381.72,0,55,7129.12
12/01/2020,243.18,6261.32,0,4978.05,0,72,7027.83
13/01/2020,525.12,7311.39,1653.39,5469.8,0,60,7201.71
14/01/2020,351,6952.48,1737.43,3267.67,0,50,7851.45
15/01/2020,1094.89,8227.03,1642.57,6729.07,0,60,7089.43
16/01/2020,453.66,10271.18,1829.15,4847.36,0,67,5721.65
17/01/2020,465.48,13177.38,1583.26,4041.47,0,59,5105.59
18/01/2020,351.6,12767,827.98,3765.55,0,30,5556.6
19/01/2020,507.78,14085.76,730.98,4568.19,0,57,6020.97
20/01/2020,412.38,12883.75,1563.31,6456.81,0,40,5960.91
21/01/2020,276.3,12847.35,1743.85,9042.29,0,34,7236.25
22/01/2020,399.24,12926.44,1345.07,6304.39,0,27,7192.21
23/01/2020,300.42,12566.49,1816.68,3650.6,0,25,6138.48
24/01/2020,397.92,11393.84,1763.68,5132.21,0,49,5356.45
25/01/2020,177.06,10837.86,801.07,4334.58,0,49,5253.98
26/01/2020,389.64,11112.2,709.51,4103.27,0,58,5236.26
27/01/2020,753.9,11351.54,0,6042.53,0,53,5216.83
28/01/2020,511.26,11049.49,0,6769.44,0,46,6543.9
29/01/2020,336.84,10771.75,0,400,0,35,6738.83
30/01/2020,644.98,10558.59,0,0,0,3,6017.87
31/01/2020,1253.02,8776.84,0,0,0,19,6006.76
01/02/2020,352.14,8242.66,0,0,0,60,4383.67
02/02/2020,307.8,8955.82,0,0,0,73,4635.25
03/02/2020,616.32,8334.57,0,0,0,121,4728.43
04/02/2020,1163.14,8250.76,0,0,0,45,4290.47
05/02/2020,203.88,8228.67,0,0,0,45,4712.99
06/02/2020,333.72,7022.05,0,0,0,47,4561.34
07/02/2020,355.56,6997.79,0,0,0,32,4690.1
08/02/2020,251.58,6851.5,0,0,0,93,4680.63
09/02/2020,340.26,7190.26,0,0,0,93,4589.23
10/02/2020,1721.05,7885.64,0,0,0,82,4474.8
11/02/2020,406.5,10336.99,0,0,0,126,5501.69
12/02/2020,629.76,12450.4,0,0,0,209,6176.05
13/02/2020,217.74,8871.51,1517.97,7882.24,0,108,5599.61
14/02/2020,255.72,6874.63,1377.08,3131.53,0,33,5634.72
15/02/2020,303.42,6711,702.02,4109.61,0,30,5804.25
16/02/2020,264.48,7542.39,575.58,4703.87,0,35,5913.45
17/02/2020,272.1,8955.08,1189.84,5588.55,0,27,5878.94
18/02/2020,3314.34,9084.82,1211.93,5439.99,0,43,6049.32
19/02/2020,379.5,8358.49,1293.95,4511.55,0,25,6067.92
20/02/2020,389.7,7872.41,1256.58,5207.22,0,25,6644.91
21/02/2020,454.68,6023.09,1393.3,5068.16,0,23,6904.13
22/02/2020,307.44,5705.03,638.51,4925.99,0,19,6775.24
23/02/2020,338.76,5862.83,469.81,3258.01,0,25,6672.27
24/02/2020,391.32,6771.19,1320.66,5772.68,0,24,7004.31
25/02/2020,362.28,7050.66,1325.9,4846.38,0,10,7269.63
26/02/2020,397.86,7099.41,1479.37,2418.55,0,22,7201.68
27/02/2020,410.22,7254.76,1237.16,7209.72,0,16,6047.77
28/02/2020,258.36,7032.97,1362.45,2425.63,0,19,6134.96
29/02/2020,347.94,7440.19,647.39,2878.95,0,19,6298.89
01/03/2020,441.96,8740.11,0,5030.35,0,33,5888.31
02/03/2020,573,9990.5,2379.21,1961.62,0,43,6178.9
03/03/2020,610.5,9659.17,2511.2,2413.17,0,72,6130.53
04/03/2020,496.92,9393.67,2220.91,2470.74,0,81,6840.6
05/03/2020,435.72,9114.98,2344.91,400.88,0,112,6583.16
06/03/2020,997.39,9242.89,1971.77,1341.81,0,104,6122.32
07/03/2020,374.28,8254.25,1081.94,3735.61,0,104,5948.56
08/03/2020,372,9370.25,834.8,6163.29,0,95,5809.15
09/03/2020,313.2,9645.35,1984.21,98.49,0,83,3575.77
10/03/2020,342.66,9237.14,2566.88,0,0,94,3648.86
11/03/2020,692.04,8423.46,1979.09,0,0,88,3272.11
12/03/2020,444.18,7491.55,2118.88,0,0,107,3691.12
13/03/2020,226.32,7331.63,1822.09,0,0,91,3824.51
14/03/2020,289.98,6128.13,994.46,0,0,72,3770.91
15/03/2020,220.92,5367.58,687.17,0,0,82,3368.87
16/03/2020,312.72,5197.85,0,0,0,75,3646.03
17/03/2020,544.32,5218.26,0,0,0,80,4913.81
18/03/2020,317.04,5460.1,0,0,0,106,1660.06
19/03/2020,481.38,6235.91,0,0,0,87,2358.46
20/03/2020,339,6445.98,0,0,0,73,2491.88
21/03/2020,237.72,6004.69,0,0,0,82,2644.12
22/03/2020,286.92,6571.48,0,0,0,81,2789.97
23/03/2020,284.94,7100.83,0,0,0,78,2750.12
24/03/2020,448.38,8157.25,0,0,0,87,2745.75
25/03/2020,632.82,8196.53,0,0,0,73,2672.37
26/03/2020,247.14,7939.33,0,0,0,76,2903.45
27/03/2020,506.04,7098.86,0,0,0,95,3249.21
28/03/2020,184.8,6957.14,0,0,0,66,3343.86
29/03/2020,241.08,7705.02,0,0,0,93,3190.47
30/03/2020,461.76,9430.89,0,9141.33,0,108,1535.98
31/03/2020,290.82,8361.69,0,4767.68,0,97,2752.62
01/04/2020,308.34,7654.93,0,7614.38,0,116,3215.27
02/04/2020,305.16,8035.49,0,6923.54,0,107,3171.7
03/04/2020,1101.89,7415.12,1327.61,10310.32,0,96,3106.54
04/04/2020,278.52,6131.3,627.98,5368.5,0,64,3092.98
05/04/2020,244.5,6085.19,539.39,9214.38,0,80,3144.56
06/04/2020,916.63,7274.62,1184.98,3440.57,0,91,3164.86
07/04/2020,232.68,7128.71,1173.9,5806.61,0,78,3005.51
08/04/2020,133.02,7033.79,1145.81,6201.02,0,98,3349.8
09/04/2020,290.58,6736.31,1120.65,4845.69,0,98,3381.45
10/04/2020,199.26,6219.01,1181.07,10056.03,0,71,3282.56
11/04/2020,148.86,5004.89,777.58,8166.58,0,73,3292.33
12/04/2020,179.34,5790.71,498.75,8208.11,0,55,3287.55
13/04/2020,360.72,6486.27,1120.41,5175.96,0,83,3385.23
14/04/2020,287.76,6642.49,1215.52,5532.5,0,82,3334.52
15/04/2020,279.42,6586.33,1183.87,5594.1,0,89,3242.05
16/04/2020,297.3,6405.38,1322.39,3565.23,0,65,3432.67
17/04/2020,207.36,8810.41,1117.49,6206.68,0,75,3434.75
18/04/2020,247.74,10712.62,685.11,12167.46,0,59,3376.77
19/04/2020,477.9,7263.58,499.86,4140.41,0,60,3231.89
20/04/2020,860.58,7279.15,1018.42,2224.51,0,73,3491.74
21/04/2020,716.64,6879.85,957.23,4941.13,0,72,3240.53
22/04/2020,743.1,6744.42,1001.2,4022.99,0,67,3299.02
23/04/2020,2905.4,7169.5,973.52,2464.91,0,73,3268.81
24/04/2020,492.06,8282.79,807.04,6835.46,0,62,3321.49
25/04/2020,613.14,8126.1,422.52,3385.94,0,62,3411.25
26/04/2020,418.62,8323.59,334.73,3588.62,0,53,3357.58
27/04/2020,376.44,9062.41,887.88,3525.56,0,36,3284.22
28/04/2020,663.9,13443.97,844.72,10001.32,0,45,3501.03
29/04/2020,805.32,12785.48,873.43,1805.01,0,39,3286.06
30/04/2020,633.9,12175.37,866.4,4750.51,0,36,3161.3
01/05/2020,529.86,12048.78,1089.65,7.31,0,39,3251.29
02/05/2020,500.58,10110.21,494.52,0,0,36,3246.72
03/05/2020,336.42,10262.81,425.83,0,0,33,3581.32
04/05/2020,405.96,10223.74,0,0,0,60,2854.77
05/05/2020,407.22,8444.44,0,0,0,125,2826.62
06/05/2020,425.7,8640.62,0,0,0,93,2830.74
07/05/2020,845.85,8980.66,0,0,0,73,2920.31
08/05/2020,164.52,7740.14,0,0,0,64,3259.57
09/05/2020,72.24,5978.97,0,0,0,70,3414.83
10/05/2020,192.6,7585.53,0,0,0,74,3451.8
11/05/2020,439.26,9545.8,1180.1,10577.72,0,69,3522.94
12/05/2020,166.17,8603.53,1148.82,10656.46,0,69,3435.1
13/05/2020,555.8,8831.21,1218.17,8003.34,0,74,3474.25
14/05/2020,734.52,8324.61,1018.38,4176.61,0,72,3225.11
15/05/2020,120.15,7020.35,820.39,4124.31,0,54,3210.59
16/05/2020,54.18,7526.56,689.86,4326.79,0,58,3115.36
17/05/2020,162.98,7662.46,450.2,7584.27,0,50,3138.08
18/05/2020,402.43,8912.09,1015.86,4555.66,0,57,2561.94
19/05/2020,1120.94,8805.08,1066.84,5578.85,0,45,2739.77
20/05/2020,294.58,8283.44,815.07,7675.24,0,51,2324.81
21/05/2020,105.32,7497.41,805.16,6594.24,0,38,2512.34
22/05/2020,346.19,8795.22,935.98,9022.28,0,43,2951.97
23/05/2020,231.48,6889.12,604,4570.2,0,40,2881.01
24/05/2020,331.98,8009.43,409.78,11642.32,0,45,2699.27
25/05/2020,651.1,8009.48,851,7058.01,0,63,2955.53
26/05/2020,1488.09,5956.76,912.33,9991.83,0,42,3193.97
27/05/2020,430.45,5203.2,935.12,6778.85,0,40,3507.38
28/05/2020,531.84,5043.73,1071.36,7485.56,0,36,3673.75
29/05/2020,427.04,4858.86,822.12,4976.01,0,33,3806.1
30/05/2020,207.78,4842.06,570.97,4524.34,0,34,4183.94
31/05/2020,400.43,5406.56,329.99,8080.76,0,35,4460.71
01/06/2020,477.79,5850.97,0,374.67,0,53,4584.14
02/06/2020,280.35,4601.77,0,0,0,47,4173.2
03/06/2020,125.84,5536.67,0,0,0,0,3502.93
04/06/2020,356.84,6148.39,0,0,0,52,4755.19
05/06/2020,823.89,5730.47,0,0,0,44,4783.59
06/06/2020,160.2,5021.68,0,0,0,41,4765.95
07/06/2020,237.73,5293.31,0,0,0,54,4637.09
08/06/2020,538.02,5023.82,0,0,0,34,4762.98
09/06/2020,284.55,5218.84,0,0,0,42,4791.71
10/06/2020,277.83,4649.46,0,0,0,45,4852.55
11/06/2020,195.47,3803.04,0,0,0,52,5111.89
12/06/2020,814.14,2638.69,0,0,0,35,4670.6
13/06/2020,234.31,2561.42,0,0,0,40,4679.66
14/06/2020,285.17,3335.03,0,0,0,45,4645.04
15/06/2020,326.41,4314.93,1403.73,0,0,7,4426.33
16/06/2020,376.82,4486.24,1092.93,0,0,0,4250.1
17/06/2020,346.02,4010.91,1028.19,0,0,0,2998.7
18/06/2020,120.22,4168.44,1246,0,0,0,2995.69
19/06/2020,216.21,3668.97,1174.67,0,0,0,3053.67
20/06/2020,140.38,3549.22,763.8,0,0,0,2960.88
21/06/2020,205.16,4139.66,500.87,0,0,0,3134.63
22/06/2020,470.84,5002.71,1089.99,0,0,0,2655.98
23/06/2020,473.65,4816.09,1400.27,0,0,0,2648.81
24/06/2020,344.69,4290.61,1099.57,0,0,0,2814.86
25/06/2020,543.48,4039.37,1132.84,0,0,0,2639.73
26/06/2020,354.74,3876.64,1169.64,0,0,0,2646.11
27/06/2020,283.17,4327.08,800.95,0,0,0,2633.05
28/06/2020,298.85,5220.19,490.07,0,0,0,2507.09
29/06/2020,577.58,5573.08,1430.45,0,0,0,2732.86
30/06/2020,584.43,5832.55,1306.14,0,0,0,2980.06
01/07/2020,598.82,5620.7,856.68,0,0,0,2241.28
02/07/2020,249.13,5025.71,829.29,0,0,0,2402.01
03/07/2020,754.99,4630.77,746.46,0,0,0,2424.05
04/07/2020,267.25,5232.01,406.25,0,0,0,2432.46
05/07/2020,416.04,5686.4,408.58,0,0,0,2416.14
06/07/2020,1484.47,5998.33,0,0,0,0,2853.36
07/07/2020,870.94,6132.28,0,0,0,0,1762.47
08/07/2020,541.94,5808.38,0,0,0,0,2164.36
09/07/2020,219.15,7732.01,0,0,0,0,2662.17
10/07/2020,421.12,7425.73,0,0,0,0,2569.36
11/07/2020,303.91,5850.35,0,0,0,0,2593.99
12/07/2020,274.18,6068.12,0,0,0,0,2664.06
13/07/2020,500.75,6033.16,0,0,0,0,3046.62
14/07/2020,734.85,6202.17,0,0,0,0,3035.97
15/07/2020,196.28,5537.31,0,0,0,0,3078.68
16/07/2020,339.19,5929.21,0,0,0,0,3191.94
17/07/2020,303.2,5516.47,0,0,0,0,3058.57
18/07/2020,235.14,4853.25,0,0,0,0,3022.99
19/07/2020,220,5626.78,0,0,0,0,3117.56
20/07/2020,632.81,7203.77,0,0,0,0,3211.89
21/07/2020,412.58,9114.26,0,0,0,0,3273.29
22/07/2020,1997.94,9560.93,0,0,0,0,3569.43
23/07/2020,414.95,10597.86,962.43,5271.58,0,0,1335.62
24/07/2020,584.59,11595.33,679.34,6640.42,0,0,1572.47
25/07/2020,505.16,10511.65,489.85,5632.07,0,0,1621.15
26/07/2020,373.63,12233.67,292.31,7040.23,0,0,2785.64
27/07/2020,495.49,13831.29,742.24,5539.21,0,0,2365.83
28/07/2020,433,12255.74,780.78,5859.66,0,0,4247.56
29/07/2020,303.8,8137.69,990.65,4234.99,0,0,4393.87
30/07/2020,1065.41,6496.8,747.94,5217.51,0,0,4348.1
31/07/2020,751.07,6522.03,693.76,3222.03,0,0,4313.26
01/08/2020,338.12,6623.9,539.48,5600.62,0,0,4265.42
02/08/2020,388.81,7522.29,486.68,5660.55,0,0,4256.1
03/08/2020,525.36,8702.48,635.17,3947.39,0,0,5372.61
04/08/2020,291.6,7320.03,871.99,5044.75,0,0,5739.75
05/08/2020,452.62,6599.71,899.51,3455.07,0,0,5345.3
06/08/2020,246.32,5783.28,797.76,3468.61,0,0,5433.34
07/08/2020,221.97,5405.82,749.89,3628.2,0,0,6027.23
08/08/2020,110.21,4884.88,436.85,3859.81,0,0,5831
09/08/2020,232.05,4808.02,449.08,6703.11,0,0,6040.02
10/08/2020,691.85,5504.18,0,435.5,0,0,6159.16
11/08/2020,459.87,5223.17,0,0,0,0,6226.21
12/08/2020,823.57,5353.6,0,0,0,0,5761.19
13/08/2020,396.1,5623.93,0,0,0,0,6010.08
14/08/2020,374.91,6489.84,0,0,0,0,5990.28
15/08/2020,112.93,5404.44,0,0,0,0,6405.2
16/08/2020,239.4,6143.88,0,0,0,0,6283.06
17/08/2020,363.89,8059.01,1377.96,11121.11,0,0,6555.84
18/08/2020,747,7488.86,1803.34,7923.45,0,0,6590.18
19/08/2020,682.18,9618.44,1879.35,8073.22,0,0,7042.2
20/08/2020,462.5,8895.87,1787.75,4486.2,0,0,6898.09
21/08/2020,314,8591.01,1594.78,6077.87,0,0,5290.07
22/08/2020,276.65,8461.25,1189.44,9434.56,0,0,5251.45
23/08/2020,279.48,10052.75,885.81,12291.63,0,0,5027.23
24/08/2020,994.47,10478.89,1437.11,9655.81,0,0,5446.44
25/08/2020,2487.01,12046.66,1519.08,5342.98,0,0,7137.66
26/08/2020,375.58,11358.54,1678.55,5667.04,0,0,6614.32
27/08/2020,596,9172.86,1889.46,9709.62,0,0,7230.89
28/08/2020,529.75,8556.47,2046.21,9593.97,0,0,7105.53
29/08/2020,286.76,7507.82,1148.93,8898.47,0,0,6995.23
30/08/2020,450.89,10171.05,744.9,11929.55,0,0,6841.69
31/08/2020,606.93,10696.62,0,16774.93,0,0,7328.87
